{"cameraMode":{"drawMode":0,"name":"Shaded","section":"Shading Mode"},"sceneLighting":false,"audioPlay":false,"sceneViewState":{"showFog":true,"showMaterialUpdate":false,"showSkybox":true,"showFlares":true,"showImageEffects":true,"showParticleSystems":true},"in2DMode":false,"pivot":{"x":-0.6419583559036255,"y":1.7688071727752686,"z":-7.052703380584717},"rotation":{"x":-0.0001701551809674129,"y":-0.9933169484138489,"z":-0.0014904281124472619,"w":0.11558815836906433},"size":1.4431533813476563,"orthographic":false}