{"cameraMode":{"drawMode":0,"name":"Shaded","section":"Shading Mode"},"sceneLighting":false,"audioPlay":false,"sceneViewState":{"showFog":true,"showMaterialUpdate":false,"showSkybox":true,"showFlares":true,"showImageEffects":true,"showParticleSystems":true},"in2DMode":false,"pivot":{"x":0.183124840259552,"y":2.8894944190979006,"z":-0.33098894357681277},"rotation":{"x":-0.004694273229688406,"y":0.9950873851776123,"z":-0.0822778046131134,"w":-0.05595842003822327},"size":5.776489734649658,"orthographic":false}