{"cameraMode":{"drawMode":0,"name":"Shaded","section":"Shading Mode"},"sceneLighting":false,"audioPlay":false,"sceneViewState":{"showFog":true,"showMaterialUpdate":false,"showSkybox":true,"showFlares":true,"showImageEffects":true,"showParticleSystems":true},"in2DMode":false,"pivot":{"x":-0.7070000171661377,"y":1.3819999694824219,"z":-6.88100004196167},"rotation":{"x":0.02975955605506897,"y":-0.9681641459465027,"z":0.1403859257698059,"w":0.20518790185451508},"size":1.1431533098220826,"orthographic":false}