{"cameraMode":{"drawMode":0,"name":"Shaded","section":"Shading Mode"},"sceneLighting":false,"audioPlay":false,"sceneViewState":{"showFog":true,"showMaterialUpdate":false,"showSkybox":true,"showFlares":true,"showImageEffects":true,"showParticleSystems":true},"in2DMode":false,"pivot":{"x":0.18852317333221436,"y":2.977170467376709,"z":-0.3126280903816223},"rotation":{"x":0.0005724652437493205,"y":0.9933932423591614,"z":-0.1152496412396431,"w":0.004973405972123146},"size":0.8441221117973328,"orthographic":false}