{"cameraMode":{"drawMode":0,"name":"Shaded","section":"Shading Mode"},"sceneLighting":false,"audioPlay":false,"sceneViewState":{"showFog":true,"showMaterialUpdate":false,"showSkybox":true,"showFlares":true,"showImageEffects":true,"showParticleSystems":true},"in2DMode":false,"pivot":{"x":-0.7545000314712524,"y":1.3191931247711182,"z":-6.9001054763793949},"rotation":{"x":0.0035813781432807447,"y":-0.9960019588470459,"z":0.07634294033050537,"w":0.04669152945280075},"size":1.174333095550537,"orthographic":false}