{"cameraMode":{"drawMode":0,"name":"Shaded","section":"Shading Mode"},"sceneLighting":false,"audioPlay":false,"sceneViewState":{"showFog":true,"showMaterialUpdate":false,"showSkybox":true,"showFlares":true,"showImageEffects":true,"showParticleSystems":true},"in2DMode":false,"pivot":{"x":0.0038437843322753908,"y":0.01902604103088379,"z":0.0987139344215393},"rotation":{"x":0.026025790721178056,"y":0.2642362713813782,"z":0.0071839685551822189,"w":-0.9641587138175964},"size":1.0634078979492188,"orthographic":false}