{"cameraMode":{"drawMode":0,"name":"Shaded","section":"Shading Mode"},"sceneLighting":false,"audioPlay":false,"sceneViewState":{"showFog":true,"showMaterialUpdate":false,"showSkybox":true,"showFlares":true,"showImageEffects":true,"showParticleSystems":true},"in2DMode":false,"pivot":{"x":-4.682678699493408,"y":2.482985019683838,"z":10.96364688873291},"rotation":{"x":0.03860371559858322,"y":-0.9421449899673462,"z":0.11645951867103577,"w":0.3119986057281494},"size":6.892451763153076,"orthographic":true}