{"cameraMode":{"drawMode":0,"name":"Shaded","section":"Shading Mode"},"sceneLighting":false,"audioPlay":false,"sceneViewState":{"showFog":true,"showMaterialUpdate":false,"showSkybox":true,"showFlares":true,"showImageEffects":true,"showParticleSystems":true},"in2DMode":false,"pivot":{"x":0.4399999976158142,"y":1.3819999694824219,"z":-6.88100004196167},"rotation":{"x":0.0010080549400299788,"y":-0.9966644644737244,"z":0.0809067040681839,"w":0.0123043954372406},"size":1.1431533098220826,"orthographic":false}