{"cameraMode":{"drawMode":0,"name":"Shaded","section":"Shading Mode"},"sceneLighting":false,"audioPlay":false,"sceneViewState":{"showFog":true,"showMaterialUpdate":false,"showSkybox":true,"showFlares":true,"showImageEffects":true,"showParticleSystems":true},"in2DMode":false,"pivot":{"x":0.4399999976158142,"y":1.3819999694824219,"z":-6.88100004196167},"rotation":{"x":-0.000025785195248317905,"y":-0.9999514818191528,"z":-0.002999754622578621,"w":0.009898125194013119},"size":0.8431536555290222,"orthographic":false}