{"cameraMode":{"drawMode":0,"name":"Shaded","section":"Shading Mode"},"sceneLighting":false,"audioPlay":false,"sceneViewState":{"showFog":true,"showMaterialUpdate":false,"showSkybox":true,"showFlares":true,"showImageEffects":true,"showParticleSystems":true},"in2DMode":false,"pivot":{"x":0.4399999976158142,"y":1.3819999694824219,"z":-6.88100004196167},"rotation":{"x":0.013298333622515202,"y":-0.986186146736145,"z":0.09944640100002289,"w":0.13183912634849549},"size":0.8431536555290222,"orthographic":false}