{"cameraMode":{"drawMode":0,"name":"Shaded","section":"Shading Mode"},"sceneLighting":true,"audioPlay":false,"sceneViewState":{"showFog":true,"showMaterialUpdate":false,"showSkybox":true,"showFlares":true,"showImageEffects":true,"showParticleSystems":true},"in2DMode":false,"pivot":{"x":-0.006795462220907211,"y":1.933947205543518,"z":17.11703109741211},"rotation":{"x":0.05381527170538902,"y":-0.9461429119110107,"z":0.23153528571128846,"w":0.21988075971603394},"size":7.7548909187316898,"orthographic":false}