{"cameraMode":{"drawMode":0,"name":"Shaded","section":"Shading Mode"},"sceneLighting":false,"audioPlay":false,"sceneViewState":{"showFog":true,"showMaterialUpdate":false,"showSkybox":true,"showFlares":true,"showImageEffects":true,"showParticleSystems":true},"in2DMode":false,"pivot":{"x":0.0000845193862915039,"y":2.712646961212158,"z":-0.30953121185302737},"rotation":{"x":0.0010080549400299788,"y":-0.9966644644737244,"z":0.0809067040681839,"w":0.0123043954372406},"size":16.413846969604493,"orthographic":false}