{"cameraMode":{"drawMode":0,"name":"Shaded","section":"Shading Mode"},"sceneLighting":false,"audioPlay":false,"sceneViewState":{"showFog":true,"showMaterialUpdate":false,"showSkybox":true,"showFlares":true,"showImageEffects":true,"showParticleSystems":true},"in2DMode":false,"pivot":{"x":0.4399999976158142,"y":1.3819999694824219,"z":-6.88100004196167},"rotation":{"x":0.05711531639099121,"y":-0.9274922609329224,"z":0.15872958302497865,"w":0.33367544412612917},"size":1.1431533098220826,"orthographic":false}