{"cameraMode":{"drawMode":0,"name":"Shaded","section":"Shading Mode"},"sceneLighting":false,"audioPlay":false,"sceneViewState":{"showFog":true,"showMaterialUpdate":false,"showSkybox":true,"showFlares":true,"showImageEffects":true,"showParticleSystems":true},"in2DMode":false,"pivot":{"x":-2.8641104698181154,"y":42.67180252075195,"z":8.931966781616211},"rotation":{"x":-0.15252064168453217,"y":-0.8258704543113709,"z":0.2664046287536621,"w":-0.47305265069007876},"size":22.0,"orthographic":false}