{"cameraMode":{"drawMode":0,"name":"Shaded","section":"Shading Mode"},"sceneLighting":false,"audioPlay":false,"sceneViewState":{"showFog":true,"showMaterialUpdate":false,"showSkybox":true,"showFlares":true,"showImageEffects":true,"showParticleSystems":true},"in2DMode":false,"pivot":{"x":0.183124840259552,"y":2.977170467376709,"z":-0.29113906621932986},"rotation":{"x":0.007136553060263395,"y":-0.9923391938209534,"z":0.10307525843381882,"w":0.06866714358329773},"size":1.444122076034546,"orthographic":false}