{"cameraMode":{"drawMode":0,"name":"Shaded","section":"Shading Mode"},"sceneLighting":false,"audioPlay":false,"sceneViewState":{"showFog":true,"showMaterialUpdate":false,"showSkybox":true,"showFlares":true,"showImageEffects":true,"showParticleSystems":true},"in2DMode":false,"pivot":{"x":0.0000845193862915039,"y":4.272646903991699,"z":-0.30953121185302737},"rotation":{"x":0.07940909266471863,"y":0.7747661471366882,"z":-0.09931281208992005,"w":0.6193488836288452},"size":16.413846969604493,"orthographic":false}