{"cameraMode":{"drawMode":0,"name":"Shaded","section":"Shading Mode"},"sceneLighting":false,"audioPlay":false,"sceneViewState":{"showFog":true,"showMaterialUpdate":false,"showSkybox":true,"showFlares":true,"showImageEffects":true,"showParticleSystems":true},"in2DMode":false,"pivot":{"x":0.4399999976158142,"y":1.3819999694824219,"z":-6.88100004196167},"rotation":{"x":-0.011942540295422078,"y":0.9880598187446594,"z":-0.10862696915864945,"w":-0.10862717032432556},"size":1.1431533098220826,"orthographic":false}