{"cameraMode":{"drawMode":0,"name":"Shaded","section":"Shading Mode"},"sceneLighting":false,"audioPlay":false,"sceneViewState":{"showFog":true,"showMaterialUpdate":false,"showSkybox":true,"showFlares":true,"showImageEffects":true,"showParticleSystems":true},"in2DMode":false,"pivot":{"x":0.08367347717285156,"y":44.098533630371097,"z":4.139127731323242},"rotation":{"x":-0.004694273229688406,"y":0.9950873851776123,"z":-0.0822778046131134,"w":-0.05595842003822327},"size":60.20151138305664,"orthographic":false}